{"cameraMode":{"drawMode":0,"name":"Shaded","section":"Shading Mode"},"sceneLighting":false,"audioPlay":false,"sceneViewState":{"m_AlwaysRefresh":false,"showFog":true,"showSkybox":false,"showFlares":true,"showImageEffects":true,"showParticleSystems":true,"showVisualEffectGraphs":true,"m_FxEnabled":true},"in2DMode":false,"pivot":{"x":-63.58336639404297,"y":441.78973388671877,"z":-390.2888488769531},"rotation":{"x":0.2127506136894226,"y":0.03136099502444267,"z":-0.006831296719610691,"w":0.9765853881835938},"size":3.3648056983947756,"orthographic":false}