{"cameraMode":{"drawMode":0,"name":"Shaded","section":"Shading Mode"},"sceneLighting":true,"audioPlay":false,"sceneViewState":{"m_AlwaysRefresh":false,"showFog":true,"showSkybox":true,"showFlares":true,"showImageEffects":true,"showParticleSystems":true,"showVisualEffectGraphs":true,"m_FxEnabled":true},"in2DMode":false,"pivot":{"x":14.088494300842286,"y":0.9386377334594727,"z":-5.309769153594971},"rotation":{"x":-0.013745992444455624,"y":-0.8810192942619324,"z":0.4721909463405609,"w":-0.02564610354602337},"size":5.614968776702881,"orthographic":false}