{"cameraMode":{"drawMode":0,"name":"Shaded","section":"Shading Mode"},"sceneLighting":true,"audioPlay":false,"sceneViewState":{"m_AlwaysRefresh":false,"showFog":true,"showSkybox":true,"showFlares":true,"showImageEffects":true,"showParticleSystems":true,"showVisualEffectGraphs":true,"m_FxEnabled":true},"in2DMode":false,"pivot":{"x":-1.0274145603179932,"y":-0.7929236888885498,"z":1.9423437118530274},"rotation":{"x":-0.14939181506633759,"y":-0.02490941248834133,"z":0.00376420677639544,"w":-0.9884675145149231},"size":0.4508904218673706,"orthographic":false}